{
    "levels": [
        {
            "levelIndex": 1,
            "version": 2,
            "objectsToSpawn": [
                {
                    "prefabId": "prop_1",
                    "position": {
                        "x": -4.8859000401080269e-8,
                        "y": 0.10000000149011612,
                        "z": -2.443000078201294
                    },
                    "rotation": {
                        "x": 0.0,
                        "y": 0.0,
                        "z": 0.0,
                        "w": 1.0
                    },
                    "localScale": {
                        "x": 0.18028046190738679,
                        "y": 0.18028046190738679,
                        "z": 0.18028046190738679
                    }
                },
                {
                    "prefabId": "prop_1",
                    "position": {
                        "x": 0.7680000066757202,
                        "y": 0.10000000149011612,
                        "z": -1.6394000053405762
                    },
                    "rotation": {
                        "x": 0.0,
                        "y": 0.0,
                        "z": 0.0,
                        "w": 1.0
                    },
                    "localScale": {
                        "x": 0.18028046190738679,
                        "y": 0.18028046190738679,
                        "z": 0.18028046190738679
                    }
                },
                {
                    "prefabId": "prop_1",
                    "position": {
                        "x": -4.8859000401080269e-8,
                        "y": 0.10000000149011612,
                        "z": -2.059999942779541
                    },
                    "rotation": {
                        "x": 0.0,
                        "y": 0.0,
                        "z": 0.0,
                        "w": 1.0
                    },
                    "localScale": {
                        "x": 0.18028046190738679,
                        "y": 0.18028046190738679,
                        "z": 0.18028046190738679
                    }
                }
            ]
        }
    ]
}
