{
    "levels": [
        {
            "levelIndex": 1,
            "objectsToSpawn": [
                {
                    "prefabId": "bouy_1",
                    "position": {
                        "x": -5.373700062705211e-8,
                        "y": 0.0,
                        "z": -2.0
                    },
                    "rotation": {
                        "x": 0.0,
                        "y": 0.0,
                        "z": 0.0,
                        "w": 1.0
                    },
                    "localScale": {
                        "x": 0.09843900054693222,
                        "y": 0.09843900054693222,
                        "z": 0.09843900054693222
                    }
                },
                {
                    "prefabId": "bouy_1",
                    "position": {
                        "x": -5.373700062705211e-8,
                        "y": 0.0,
                        "z": -1.8030999898910523
                    },
                    "rotation": {
                        "x": 0.0,
                        "y": 0.0,
                        "z": 0.0,
                        "w": 1.0
                    },
                    "localScale": {
                        "x": 0.09843900054693222,
                        "y": 0.09843900054693222,
                        "z": 0.09843900054693222
                    }
                },
                {
                    "prefabId": "bouy_1",
                    "position": {
                        "x": -5.373700062705211e-8,
                        "y": 0.0,
                        "z": -2.196899890899658
                    },
                    "rotation": {
                        "x": 0.0,
                        "y": 0.0,
                        "z": 0.0,
                        "w": 1.0
                    },
                    "localScale": {
                        "x": 0.09843900054693222,
                        "y": 0.09843900054693222,
                        "z": 0.09843900054693222
                    }
                }
            ]
        }
    ]
}
